Date,Mean
2021-01-01,2.421574667
2021-01-02,2.435166037
2021-01-03,2.441962147
2021-01-04,2.429146679
2021-01-05,2.421137013
2021-01-06,2.466719613
2021-01-07,2.517108014
2021-01-08,2.574680947
2021-01-09,2.584875147
2021-01-10,2.547496414
2021-01-11,2.56031188
2021-01-12,2.557108014
2021-01-13,2.536685838
2021-01-14,2.550277743
2021-01-15,2.55707412
2021-01-16,2.544259723
2021-01-17,2.536250725
2021-01-18,2.581834529
2021-01-19,2.632223731
2021-01-20,2.689798537
2021-01-21,2.699993139
2021-01-22,2.662612934
2021-01-23,2.67542733
2021-01-24,2.672223731
2021-01-25,2.651801933
2021-01-26,2.665393586
2021-01-27,2.672189836
2021-01-28,2.659374935
2021-01-29,2.651365622
2021-01-30,2.696948858
2021-01-31,2.747337683
2021-02-01,2.804911606
2021-02-02,2.815106018
2021-02-03,2.777726507
2021-02-04,2.790541408
2021-02-05,2.787337683
2021-02-06,2.766915706
2021-02-07,2.780507478
2021-02-08,2.787303788
2021-02-09,2.774489124
2021-02-10,2.76647996
2021-02-11,2.812063464
2021-02-12,2.862452466
2021-02-13,2.920026806
2021-02-14,2.930221307
2021-02-15,2.892841469
2021-02-16,2.905656132
2021-02-17,2.902452466
2021-02-18,2.882030574
2021-02-19,2.89562229
2021-02-20,2.902418572
2021-02-21,2.889603796
2021-02-22,2.881594561
2021-02-23,2.927177939
2021-02-24,2.977566858
2021-02-25,3.035141001
2021-02-26,3.045335461
2021-02-27,3.007955777
2021-02-28,3.020770552
2021-03-01,3.017566858
2021-03-02,2.997144926
2021-03-03,3.010736668
2021-03-04,3.017532963
2021-03-05,3.00471824
2021-03-06,2.996709039
2021-03-07,3.042292476
2021-03-08,3.092681434
2021-03-09,3.15025567
2021-03-10,3.160450149
2021-03-11,3.123070393
2021-03-12,3.135885115
2021-03-13,3.132681434
2021-03-14,3.112259521
2021-03-15,3.125851251
2021-03-16,3.13264754
2021-03-17,3.119832792
2021-03-18,3.111823575
2021-03-19,3.157406984
2021-03-20,3.207795924
2021-03-21,3.265370116
2021-03-22,3.275564586
2021-03-23,3.238184863
2021-03-24,3.25099961
2021-03-25,3.247795924
2021-03-26,3.227374001
2021-03-27,3.240965737
2021-03-28,3.247762029
2021-03-29,3.234947293
2021-03-30,3.226938083
2021-03-31,3.272521506
2021-04-01,3.322910454
2021-04-02,3.380484667
2021-04-03,3.390679141
2021-04-04,3.353299402
2021-04-05,3.366114138
2021-04-06,3.362910454
2021-04-07,3.342488536
2021-04-08,3.356080269
2021-04-09,3.362876559
2021-04-10,3.350061818
2021-04-11,3.342052604
2021-04-12,3.387636021
2021-04-13,3.438024965
2021-04-14,3.495599168
2021-04-15,3.50579364
2021-04-16,3.468413909
2021-04-17,3.48122865
2021-04-18,3.478024965
2021-04-19,3.457603045
2021-04-20,3.471194779
2021-04-21,3.47799107
2021-04-22,3.465176331
2021-04-23,3.45716712
2021-04-24,3.502750539
2021-04-25,3.553139485
2021-04-26,3.610713693
2021-04-27,3.620908166
2021-04-28,3.583528431
2021-04-29,3.59634317
2021-04-30,3.593139485
2021-05-01,3.572717566
2021-05-02,3.5863093
2021-05-03,3.59310559
2021-05-04,3.58029085
2021-05-05,3.572281638
2021-05-06,3.617865056
2021-05-07,3.668254001
2021-05-08,3.725828206
2021-05-09,3.736022679
2021-05-10,3.698642946
2021-05-11,3.711457686
2021-05-12,3.708254001
2021-05-13,3.687832081
2021-05-14,3.701423815
2021-05-15,3.708220106
2021-05-16,3.695405366
2021-05-17,3.687396154
2021-05-18,3.732979573
2021-05-19,3.783368519
2021-05-20,3.840942725
2021-05-21,3.851137198
2021-05-22,3.813757464
2021-05-23,3.826572203
2021-05-24,3.823368519
2021-05-25,3.802946599
2021-05-26,3.816538333
2021-05-27,3.823334624
2021-05-28,3.810519884
2021-05-29,3.802510672
2021-05-30,3.84809409
2021-05-31,3.898483036
2021-06-01,3.956057242
2021-06-02,3.966251714
2021-06-03,3.928871981
2021-06-04,3.94168672
2021-06-05,3.938483036
2021-06-06,3.918061116
2021-06-07,3.93165285
2021-06-08,3.938449141
2021-06-09,3.925634401
2021-06-10,3.917625189
2021-06-11,3.963208607
2021-06-12,4.013597553
2021-06-13,4.071171759
2021-06-14,4.081366232
2021-06-15,4.043986498
2021-06-16,4.056801238
2021-06-17,4.053597553
2021-06-18,4.033175633
2021-06-19,4.046767367
2021-06-20,4.053563658
2021-06-21,4.040748918
2021-06-22,4.032739706
2021-06-23,4.078323124
2021-06-24,4.12871207
2021-06-25,4.186286276
2021-06-26,4.196480749
2021-06-27,4.159101016
2021-06-28,4.171915755
2021-06-29,4.16871207
2021-06-30,4.148290151
2021-07-01,4.161881885
2021-07-02,4.168678175
2021-07-03,4.155863435
2021-07-04,4.147854223
2021-07-05,4.193437642
2021-07-06,4.243826587
2021-07-07,4.301400794
2021-07-08,4.311595266
2021-07-09,4.274215533
2021-07-10,4.287030272
2021-07-11,4.283826587
2021-07-12,4.263404668
2021-07-13,4.276996402
2021-07-14,4.283792693
2021-07-15,4.270977953
2021-07-16,4.262968741
2021-07-17,4.308552159
2021-07-18,4.358941104
2021-07-19,4.416515311
2021-07-20,4.426709783
2021-07-21,4.38933005
2021-07-22,4.402144789
2021-07-23,4.398941104
2021-07-24,4.378519185
2021-07-25,4.392110919
2021-07-26,4.39890721
2021-07-27,4.38609247
2021-07-28,4.378083258
2021-07-29,4.423666676
2021-07-30,4.474055622
2021-07-31,4.531629828
2021-08-01,4.541824301
2021-08-02,4.504444567
2021-08-03,4.517259306
2021-08-04,4.514055622
2021-08-05,4.493633702
2021-08-06,4.507225436
2021-08-07,4.514021727
2021-08-08,4.501206987
2021-08-09,4.493197775
2021-08-10,4.538781193
2021-08-11,4.589170139
2021-08-12,4.646744345
2021-08-13,4.656938818
2021-08-14,4.619559084
2021-08-15,4.632373824
2021-08-16,4.629170139
2021-08-17,4.608748219
2021-08-18,4.622339953
2021-08-19,4.629136244
2021-08-20,4.616321504
2021-08-21,4.608312292
2021-08-22,4.65389571
2021-08-23,4.704284656
2021-08-24,4.761858862
2021-08-25,4.772053335
2021-08-26,4.734673602
2021-08-27,4.747488341
2021-08-28,4.744284656
2021-08-29,4.723862737
2021-08-30,4.73745447
2021-08-31,4.744250761
2021-09-01,4.731436021
2021-09-02,4.723426809
2021-09-03,4.769010228
2021-09-04,4.819399173
2021-09-05,4.876973379
2021-09-06,4.887167852
2021-09-07,4.849788119
2021-09-08,4.862602858
2021-09-09,4.859399173
2021-09-10,4.838977254
2021-09-11,4.852568988
2021-09-12,4.859365278
2021-09-13,4.846550539
2021-09-14,4.838541326
2021-09-15,4.884124745
2021-09-16,4.93451369
2021-09-17,4.992087897
2021-09-18,5.002282369
2021-09-19,4.964902636
2021-09-20,4.977717375
2021-09-21,4.97451369
2021-09-22,4.954091771
2021-09-23,4.967683505
2021-09-24,4.974479796
2021-09-25,4.961665056
2021-09-26,4.953655844
2021-09-27,4.999239262
2021-09-28,5.049628208
2021-09-29,5.107202414
2021-09-30,5.117396887
2021-10-01,5.080017153
2021-10-02,5.092831892
2021-10-03,5.089628208
2021-10-04,5.069206288
2021-10-05,5.082798022
2021-10-06,5.089594313
2021-10-07,5.076779573
2021-10-08,5.068770361
2021-10-09,5.114353779
2021-10-10,5.164742725
2021-10-11,5.222316931
2021-10-12,5.232511404
2021-10-13,5.19513167
2021-10-14,5.20794641
2021-10-15,5.204742725
2021-10-16,5.184320805
2021-10-17,5.197912539
2021-10-18,5.20470883
2021-10-19,5.19189409
2021-10-20,5.183884878
2021-10-21,5.229468296
2021-10-22,5.279857242
2021-10-23,5.337431448
2021-10-24,5.347625921
2021-10-25,5.310246187
2021-10-26,5.323060927
2021-10-27,5.319857242
2021-10-28,5.299435322
2021-10-29,5.313027056
2021-10-30,5.319823347
2021-10-31,5.307008607
2021-11-01,5.298999395
2021-11-02,5.344582814
2021-11-03,5.394971759
2021-11-04,5.452545965
2021-11-05,5.462740438
2021-11-06,5.425360705
2021-11-07,5.438175444
2021-11-08,5.434971759
2021-11-09,5.41454984
2021-11-10,5.428141574
2021-11-11,5.434937864
2021-11-12,5.422123124
2021-11-13,5.414113912
2021-11-14,5.459697331
2021-11-15,5.510086276
2021-11-16,5.567660483
2021-11-17,5.577854955
2021-11-18,5.540475222
2021-11-19,5.553289961
2021-11-20,5.550086276
2021-11-21,5.529664357
2021-11-22,5.543256091
2021-11-23,5.550052382
2021-11-24,5.537237642
2021-11-25,5.52922843
2021-11-26,5.574811848
2021-11-27,5.625200793
2021-11-28,5.682775
2021-11-29,5.692969473
2021-11-30,5.655589739
2021-12-01,6.668404478
2021-12-02,6.665200793
2021-12-03,6.644778874
2021-12-04,6.658370608
2021-12-05,6.665166899
2021-12-06,6.652352159
2021-12-07,6.644342947
2021-12-08,6.689926365
2021-12-09,6.740315311
2021-12-10,6.797889517
2021-12-11,6.80808399
2021-12-12,6.770704256
2021-12-13,6.783518995
2021-12-14,6.780315311
2021-12-15,6.759893391
2021-12-16,6.773485125
2021-12-17,6.780281416
2021-12-18,6.767466676
2021-12-19,6.759457464
2021-12-20,6.805040882
2021-12-21,6.855429828
2021-12-22,6.913004034
2021-12-23,6.923198507
2021-12-24,6.885818773
2021-12-25,6.898633513
2021-12-26,6.895429828
2021-12-27,6.875007908
2021-12-28,6.888599642
2021-12-29,6.895395933
2021-12-30,6.882581193
2021-12-31,6.874571981
2022-01-01,6.920155399
2022-01-02,6.970544345
2022-01-03,7.028118551
2022-01-04,7.038313024
2022-01-05,7.000933291
2022-01-06,7.01374803
2022-01-07,7.010544345
2022-01-08,6.990122426
2022-01-09,7.00371416
2022-01-10,7.01051045
2022-01-11,6.99769571
2022-01-12,6.989686498
2022-01-13,7.035269917
2022-01-14,7.085658862
2022-01-15,7.143233069
2022-01-16,7.153427541
2022-01-17,7.116047808
2022-01-18,7.128862547
2022-01-19,7.125658862
2022-01-20,7.105236943
2022-01-21,7.118828677
2022-01-22,7.125624968
2022-01-23,7.112810228
2022-01-24,7.104801016
2022-01-25,7.150384434
2022-01-26,7.200773379
2022-01-27,7.258347586
2022-01-28,7.268542058
2022-01-29,7.231162325
2022-01-30,7.243977064
2022-01-31,7.240773379
2022-02-01,7.22035146
2022-02-02,7.233943194
2022-02-03,7.240739485
2022-02-04,7.227924745
2022-02-05,7.219915533
2022-02-06,7.265498951
2022-02-07,7.315887897
2022-02-08,7.373462103
2022-02-09,7.383656576
2022-02-10,7.346276842
2022-02-11,7.359091581
2022-02-12,7.355887897
2022-02-13,7.335465977
2022-02-14,7.349057711
2022-02-15,7.355854002
2022-02-16,7.343039262
2022-02-17,7.33503005
2022-02-18,7.380613468
2022-02-19,7.431002414
2022-02-20,7.48857662
2022-02-21,7.498771093
2022-02-22,7.461391359
2022-02-23,7.474206099
2022-02-24,7.471002414
2022-02-25,7.450580494
2022-02-26,7.464172228
2022-02-27,7.470968519
2022-02-28,7.458153779
2022-03-01,7.450144567
2022-03-02,7.495727985
2022-03-03,7.546116931
2022-03-04,7.603691137
2022-03-05,7.61388561
2022-03-06,7.576505877
2022-03-07,7.589320616
2022-03-08,7.586116931
2022-03-09,7.565695012
2022-03-10,7.579286745
2022-03-11,7.586083036
2022-03-12,7.573268296
2022-03-13,7.565259084
2022-03-14,7.610842503
2022-03-15,7.661231448
2022-03-16,7.718805654
2022-03-17,7.729000127
2022-03-18,7.691620394
2022-03-19,7.704435133
2022-03-20,7.701231448
2022-03-21,7.680809529
2022-03-22,7.694401263
2022-03-23,7.701197553
2022-03-24,7.688382814
2022-03-25,7.680373601
2022-03-26,7.72595702
2022-03-27,7.776345965
2022-03-28,7.833920172
2022-03-29,7.844114644
2022-03-30,7.806734911
2022-03-31,7.81954965
2022-04-01,7.816345965
2022-04-02,7.795924046
2022-04-03,7.80951578
2022-04-04,7.816312071
2022-04-05,7.803497331
2022-04-06,7.795488119
2022-04-07,7.841071537
2022-04-08,7.891460483
2022-04-09,7.949034689
2022-04-10,7.959229162
2022-04-11,7.921849428
2022-04-12,7.934664167
2022-04-13,7.931460483
2022-04-14,7.911038563
2022-04-15,7.924630297
2022-04-16,7.931426588
2022-04-17,7.918611848
2022-04-18,7.910602636
2022-04-19,7.956186054
2022-04-20,8.006575
2022-04-21,8.064149206
2022-04-22,8.074343679
2022-04-23,8.036963945
2022-04-24,8.049778685
2022-04-25,8.046575
2022-04-26,8.02615308
2022-04-27,8.039744814
2022-04-28,8.046541105
2022-04-29,8.033726365
2022-04-30,8.025717153
2022-05-01,8.071300571
2022-05-02,8.121689517
2022-05-03,8.179263723
2022-05-04,8.189458196
2022-05-05,8.152078462
2022-05-06,8.164893202
2022-05-07,8.161689517
2022-05-08,8.141267597
2022-05-09,8.154859331
2022-05-10,8.161655622
2022-05-11,8.148840882
2022-05-12,8.14083167
2022-05-13,8.186415089
2022-05-14,8.236804034
2022-05-15,8.29437824
2022-05-16,8.304572713
2022-05-17,8.26719298
2022-05-18,8.280007719
2022-05-19,8.276804034
2022-05-20,8.256382115
2022-05-21,8.269973849
2022-05-22,8.276770139
2022-05-23,8.263955399
2022-05-24,8.255946187
2022-05-25,8.301529606
2022-05-26,8.351918551
2022-05-27,8.409492758
2022-05-28,8.41968723
2022-05-29,8.382307497
2022-05-30,8.395122236
2022-05-31,8.391918551
2022-06-01,8.371496632
2022-06-02,8.385088366
2022-06-03,8.391884657
2022-06-04,8.379069917
2022-06-05,8.371060705
2022-06-06,8.416644123
2022-06-07,8.467033068
2022-06-08,8.524607275
2022-06-09,8.534801748
2022-06-10,8.497422014
2022-06-11,8.510236753
2022-06-12,8.507033068
2022-06-13,8.486611149
2022-06-14,8.500202883
2022-06-15,8.506999174
2022-06-16,8.494184434
2022-06-17,8.486175222
2022-06-18,8.53175864
2022-06-19,8.582147586
2022-06-20,8.639721792
2022-06-21,8.649916265
2022-06-22,8.612536531
2022-06-23,8.62535127
2022-06-24,8.622147586
2022-06-25,8.601725666
2022-06-26,8.6153174
2022-06-27,8.622113691
2022-06-28,8.609298951
2022-06-29,8.601289739
2022-06-30,8.646873157
2022-07-01,8.697262103
2022-07-02,8.754836309
2022-07-03,8.765030782
2022-07-04,8.727651048
2022-07-05,8.740465788
2022-07-06,8.737262103
2022-07-07,8.716840183
2022-07-08,8.730431917
2022-07-09,8.737228208
2022-07-10,8.724413468
2022-07-11,8.716404256
2022-07-12,8.761987674
2022-07-13,8.81237662
2022-07-14,8.869950826
2022-07-15,8.880145299
2022-07-16,8.842765566
2022-07-17,8.855580305
2022-07-18,8.85237662
2022-07-19,8.831954701
2022-07-20,8.845546435
2022-07-21,8.852342725
2022-07-22,8.839527985
2022-07-23,8.831518773
2022-07-24,8.877102192
2022-07-25,8.927491137
2022-07-26,8.985065343
2022-07-27,8.995259816
2022-07-28,8.957880083
2022-07-29,8.970694822
2022-07-30,8.967491137
2022-07-31,8.947069218
2022-08-01,8.960660952
2022-08-02,8.967457243
2022-08-03,8.954642503
2022-08-04,8.946633291
2022-08-05,8.992216709
2022-08-06,9.042605654
2022-08-07,9.100179861
2022-08-08,9.110374333
2022-08-09,9.0729946
2022-08-10,9.085809339
2022-08-11,9.082605654
2022-08-12,9.062183735
2022-08-13,9.075775469
2022-08-14,9.08257176
2022-08-15,9.06975702
2022-08-16,9.061747808
2022-08-17,9.107331226
2022-08-18,9.157720172
2022-08-19,9.215294378
2022-08-20,9.225488851
2022-08-21,9.188109117
2022-08-22,9.200923856
2022-08-23,9.197720172
2022-08-24,9.177298252
2022-08-25,9.190889986
2022-08-26,9.197686277
2022-08-27,9.184871537
2022-08-28,9.176862325
2022-08-29,9.222445743
2022-08-30,9.272834689
2022-08-31,9.330408895
2022-09-01,9.340603368
2022-09-02,9.303223634
2022-09-03,9.316038374
2022-09-04,9.312834689
2022-09-05,9.292412769
2022-09-06,9.306004503
2022-09-07,9.312800794
2022-09-08,9.299986054
2022-09-09,9.291976842
2022-09-10,9.33756026
2022-09-11,9.387949206
2022-09-12,9.445523412
2022-09-13,9.455717885
2022-09-14,9.418338152
2022-09-15,9.431152891
2022-09-16,9.427949206
2022-09-17,9.407527286
2022-09-18,9.42111902
2022-09-19,9.427915311
2022-09-20,9.415100571
2022-09-21,9.407091359
2022-09-22,9.452674778
2022-09-23,9.503063723
2022-09-24,9.560637929
2022-09-25,9.570832402
2022-09-26,9.533452669
2022-09-27,9.546267408
2022-09-28,9.543063723
2022-09-29,9.522641804
2022-09-30,9.536233538
2022-10-01,9.543029828
2022-10-02,9.530215089
2022-10-03,9.522205876
2022-10-04,9.567789295
2022-10-05,9.61817824
2022-10-06,9.675752447
2022-10-07,9.685946919
2022-10-08,9.648567186
2022-10-09,9.661381925
2022-10-10,9.65817824
2022-10-11,9.637756321
2022-10-12,9.651348055
2022-10-13,9.658144346
2022-10-14,9.645329606
2022-10-15,9.637320394
2022-10-16,9.682903812
2022-10-17,9.733292758
2022-10-18,9.790866964
2022-10-19,9.801061437
2022-10-20,9.763681703
2022-10-21,9.776496442
2022-10-22,9.773292758
2022-10-23,9.752870838
2022-10-24,9.766462572
2022-10-25,9.773258863
2022-10-26,9.760444123
2022-10-27,9.752434911
2022-10-28,9.798018329
2022-10-29,9.848407275
2022-10-30,9.905981481
2022-10-31,9.916175954
2022-11-01,9.87879622
2022-11-02,9.89161096
2022-11-03,9.888407275
2022-11-04,9.867985355
2022-11-05,9.881577089
2022-11-06,9.88837338
2022-11-07,9.87555864
2022-11-08,9.867549428
2022-11-09,9.913132846
2022-11-10,9.963521792
2022-11-11,10.021096
2022-11-12,10.03129047
2022-11-13,9.993910737
2022-11-14,10.00672548
2022-11-15,10.00352179
2022-11-16,9.983099872
2022-11-17,9.996691606
2022-11-18,10.0034879
2022-11-19,9.990673157
2022-11-20,9.982663945
2022-11-21,10.02824736
2022-11-22,10.07863631
2022-11-23,10.13621052
2022-11-24,10.14640499
2022-11-25,10.10902525
2022-11-26,10.12183999
2022-11-27,10.11863631
2022-11-28,10.09821439
2022-11-29,10.11180612
2022-11-30,10.11860241
2022-12-01,10.10578767
2022-12-02,10.09777846
2022-12-03,10.14336188
2022-12-04,10.19375083
2022-12-05,10.25132503
2022-12-06,10.26151951
2022-12-07,10.22413977
2022-12-08,10.23695451
2022-12-09,10.23375083
2022-12-10,10.21332891
2022-12-11,10.22692064
2022-12-12,10.23371693
2022-12-13,10.22090219
2022-12-14,10.21289298
2022-12-15,10.2584764
2022-12-16,10.30886534
2022-12-17,10.36643955
2022-12-18,10.37663402
2022-12-19,10.33925429
2022-12-20,10.35206903
2022-12-21,10.34886534
2022-12-22,10.32844342
2022-12-23,10.34203516
2022-12-24,10.34883145
2022-12-25,10.33601671
2022-12-26,10.3280075
2022-12-27,10.37359092
2022-12-28,10.42397986
2022-12-29,10.48155407
2022-12-30,10.49174854
2022-12-31,10.45436881
2023-01-01,10.46718355
2023-01-02,10.46397986
2023-01-03,10.44355794
2023-01-04,10.45714968
2023-01-05,10.46394597
2023-01-06,10.45113123
2023-01-07,10.44312201
2023-01-08,10.48870543
2023-01-09,10.53909438
2023-01-10,10.59666858
2023-01-11,10.60686306
2023-01-12,10.56948332
2023-01-13,10.58229806
2023-01-14,10.57909438
2023-01-15,10.55867246
2023-01-16,10.57226419
2023-01-17,10.57906048
2023-01-18,10.56624574
2023-01-19,10.55823653
2023-01-20,10.60381995
2023-01-21,10.6542089
2023-01-22,10.7117831
2023-01-23,10.72197757
2023-01-24,10.68459784
2023-01-25,10.69741258
2023-01-26,10.6942089
2023-01-27,10.67378698
2023-01-28,10.68737871
2023-01-29,10.694175
2023-01-30,10.68136026
2023-01-31,10.67335105
2023-02-01,10.71893447
2023-02-02,10.76932341
2023-02-03,10.82689762
2023-02-04,10.83709209
2023-02-05,10.79971236
2023-02-06,10.8125271
2023-02-07,10.80932341
2023-02-08,10.78890149
2023-02-09,10.80249323
2023-02-10,10.80928952
2023-02-11,10.79647478
2023-02-12,10.78846557
2023-02-13,10.83404898
2023-02-14,10.88443793
2023-02-15,10.94201214
2023-02-16,10.95220661
2023-02-17,10.91482687
2023-02-18,10.92764161
2023-02-19,10.92443793
2023-02-20,10.90401601
2023-02-21,10.91760774
2023-02-22,10.92440403
2023-02-23,10.91158929
2023-02-24,10.90358008
2023-02-25,10.9491635
2023-02-26,10.99955245
2023-02-27,11.05712665
2023-02-28,11.06732113
2023-03-01,11.02994139
2023-03-02,11.04275613
2023-03-03,11.03955245
2023-03-04,11.01913053
2023-03-05,11.03272226
2023-03-06,11.03951855
2023-03-07,11.02670381
2023-03-08,11.0186946
2023-03-09,11.06427802
2023-03-10,11.11466696
2023-03-11,11.17224117
2023-03-12,11.18243564
2023-03-13,11.14505591
2023-03-14,11.15787065
2023-03-15,11.15466696
2023-03-16,11.13424504
2023-03-17,11.14783678
2023-03-18,11.15463307
2023-03-19,11.14181833
2023-03-20,11.13380912
2023-03-21,11.17939254
2023-03-22,11.22978148
2023-03-23,11.28735569
2023-03-24,11.29755016
2023-03-25,11.26017043
2023-03-26,11.27298517
2023-03-27,11.26978148
2023-03-28,11.24935956
2023-03-29,11.2629513
2023-03-30,11.26974759
2023-03-31,11.25693285
2023-04-01,11.24892363
2023-04-02,11.29450705
2023-04-03,11.344896
2023-04-04,11.4024702
2023-04-05,11.41266468
2023-04-06,11.37528494
2023-04-07,11.38809968
2023-04-08,11.384896
2023-04-09,11.36447408
2023-04-10,11.37806581
2023-04-11,11.3848621
2023-04-12,11.37204736
2023-04-13,11.36403815
2023-04-14,11.40962157
2023-04-15,11.46001052
2023-04-16,11.51758472
2023-04-17,11.52777919
2023-04-18,11.49039946
2023-04-19,11.5032142
2023-04-20,11.50001052
2023-04-21,11.4795886
2023-04-22,11.49318033
2023-04-23,11.49997662
2023-04-24,11.48716188
2023-04-25,11.47915267
2023-04-26,11.52473609
2023-04-27,11.57512503
2023-04-28,11.63269924
2023-04-29,11.64289371
2023-04-30,11.60551398
2023-05-01,11.61832872
2023-05-02,11.61512503
2023-05-03,11.59470311
2023-05-04,11.60829485
2023-05-05,11.61509114
2023-05-06,11.6022764
2023-05-07,11.59426719
2023-05-08,11.6398506
2023-05-09,11.69023955
2023-05-10,11.74781376
2023-05-11,11.75800823
2023-05-12,11.7206285
2023-05-13,11.73344323
2023-05-14,11.73023955
2023-05-15,11.70981763
2023-05-16,11.72340936
2023-05-17,11.73020565
2023-05-18,11.71739092
2023-05-19,11.7093817
2023-05-20,11.75496512
2023-05-21,11.80535407
2023-05-22,11.86292827
2023-05-23,11.87312275
2023-05-24,11.83574301
2023-05-25,11.84855775
2023-05-26,11.84535407
2023-05-27,11.82493215
2023-05-28,11.83852388
2023-05-29,11.84532017
2023-05-30,11.83250543
2023-05-31,11.82449622
2023-06-01,11.87007964
2023-06-02,11.92046858
2023-06-03,11.97804279
2023-06-04,11.98823726
2023-06-05,11.95085753
2023-06-06,11.96367227
2023-06-07,11.96046858
2023-06-08,11.94004666
2023-06-09,11.9536384
2023-06-10,11.96043469
2023-06-11,11.94761995
2023-06-12,11.93961074
2023-06-13,11.98519416
2023-06-14,12.0355831
2023-06-15,12.09315731
2023-06-16,12.10335178
2023-06-17,12.06597205
2023-06-18,12.07878679
2023-06-19,12.0755831
2023-06-20,12.05516118
2023-06-21,12.06875292
2023-06-22,12.07554921
2023-06-23,12.06273447
2023-06-24,12.05472525
2023-06-25,12.10030867
2023-06-26,12.15069762
2023-06-27,12.20827182
2023-06-28,12.2184663
2023-06-29,12.18108656
2023-06-30,12.1939013
2023-07-01,12.19069762
2023-07-02,12.1702757
2023-07-03,12.18386743
2023-07-04,12.19066372
2023-07-05,12.17784898
2023-07-06,12.16983977
2023-07-07,12.21542319
2023-07-08,12.26581214
2023-07-09,12.32338634
2023-07-10,12.33358081
2023-07-11,12.29620108
2023-07-12,12.30901582
2023-07-13,12.30581214
2023-07-14,12.28539022
2023-07-15,12.29898195
2023-07-16,12.30577824
2023-07-17,12.2929635
2023-07-18,12.28495429
2023-07-19,12.33053771
2023-07-20,12.38092665
2023-07-21,12.43850086
2023-07-22,12.44869533
2023-07-23,12.4113156
2023-07-24,12.42413034
2023-07-25,12.42092665
2023-07-26,12.40050473
2023-07-27,12.41409647
2023-07-28,12.42089276
2023-07-29,12.40807802
2023-07-30,12.40006881
2023-07-31,12.44565222
2023-08-01,12.49604117
2023-08-02,12.55361538
2023-08-03,12.56380985
2023-08-04,12.52643012
2023-08-05,12.53924485
2023-08-06,12.53604117
2023-08-07,12.51561925
2023-08-08,12.52921098
2023-08-09,12.53600728
2023-08-10,12.52319254
2023-08-11,12.51518332
2023-08-12,12.56076674
2023-08-13,12.61115569
2023-08-14,12.66872989
2023-08-15,12.67892437
2023-08-16,12.64154463
2023-08-17,12.65435937
2023-08-18,12.65115569
2023-08-19,12.63073377
2023-08-20,12.6443255
2023-08-21,12.65112179
2023-08-22,12.63830705
2023-08-23,12.63029784
2023-08-24,12.67588126
2023-08-25,12.7262702
2023-08-26,12.78384441
2023-08-27,12.79403888
2023-08-28,12.75665915
2023-08-29,12.76947389
2023-08-30,12.7662702
2023-08-31,12.74584828
2023-09-01,12.75944002
2023-09-02,12.76623631
2023-09-03,12.75342157
2023-09-04,12.74541236
2023-09-05,12.79099578
2023-09-06,12.84138472
2023-09-07,12.89895893
2023-09-08,12.9091534
2023-09-09,12.87177367
2023-09-10,12.88458841
2023-09-11,12.88138472
2023-09-12,12.8609628
2023-09-13,12.87455454
2023-09-14,12.88135083
2023-09-15,12.86853609
2023-09-16,12.86052687
2023-09-17,12.90611029
2023-09-18,12.95649924
2023-09-19,13.01407345
2023-09-20,13.02426792
2023-09-21,12.98688818
2023-09-22,12.99970292
2023-09-23,12.99649924
2023-09-24,12.97607732
2023-09-25,12.98966905
2023-09-26,12.99646534
2023-09-27,12.9836506
2023-09-28,12.97564139
2023-09-29,13.02122481
2023-09-30,13.07161376
2023-10-01,13.12918796
2023-10-02,13.13938243
2023-10-03,13.1020027
2023-10-04,13.11481744
2023-10-05,13.11161376
2023-10-06,13.09119184
2023-10-07,13.10478357
2023-10-08,13.11157986
2023-10-09,13.09876512
2023-10-10,13.09075591
2023-10-11,13.13633933
2023-10-12,13.18672827
2023-10-13,13.24430248
2023-10-14,13.25449695
2023-10-15,13.21711722
2023-10-16,13.22993196
2023-10-17,13.22672827
2023-10-18,13.20630635
2023-10-19,13.21989809
2023-10-20,13.22669438
2023-10-21,13.21387964
2023-10-22,13.20587043
2023-10-23,13.25145384
2023-10-24,13.30184279
2023-10-25,13.359417
2023-10-26,13.36961147
2023-10-27,13.33223174
2023-10-28,13.34504648
2023-10-29,13.34184279
2023-10-30,13.32142087
2023-10-31,13.3350126
2023-11-01,13.3418089
2023-11-02,13.32899416
2023-11-03,13.32098494
2023-11-04,13.36656836
2023-11-05,13.41695731
2023-11-06,13.47453151
2023-11-07,13.48472599
2023-11-08,13.44734625
2023-11-09,13.46016099
2023-11-10,13.45695731
2023-11-11,13.43653539
2023-11-12,13.45012712
2023-11-13,13.45692341
2023-11-14,13.44410867
2023-11-15,13.43609946
2023-11-16,13.48168288
2023-11-17,13.53207182
2023-11-18,13.58964603
2023-11-19,13.5998405
2023-11-20,13.56246077
2023-11-21,13.57527551
2023-11-22,13.57207182
2023-11-23,13.55164991
2023-11-24,13.56524164
2023-11-25,13.57203793
2023-11-26,13.55922319
2023-11-27,13.55121398
2023-11-28,13.5967974
2023-11-29,13.64718634
2023-11-30,13.70476055
2023-12-01,13.71495502
2023-12-02,13.67757529
2023-12-03,13.69039003
2023-12-04,13.68718634
2023-12-05,13.66676442
2023-12-06,13.68035616
2023-12-07,13.68715245
2023-12-08,13.67433771
2023-12-09,13.6663285
2023-12-10,13.71191191
2023-12-11,13.76230086
2023-12-12,13.81987507
2023-12-13,13.83006954
2023-12-14,13.7926898
2023-12-15,13.80550454
2023-12-16,13.80230086
2023-12-17,13.78187894
2023-12-18,13.79547067
2023-12-19,13.80226696
2023-12-20,13.78945222
2023-12-21,13.78144301
2023-12-22,13.82702643
2023-12-23,13.87741538
2023-12-24,13.93498958
2023-12-25,13.94518406
2023-12-26,13.90780432
2023-12-27,13.92061906
2023-12-28,13.91741538
2023-12-29,13.89699346
2023-12-30,13.91058519
2023-12-31,13.91738148
2024-01-01,13.90456674
2024-01-02,13.89655753
2024-01-03,13.94214095
2024-01-04,13.99252989
2024-01-05,14.0501041
2024-01-06,14.06029857
2024-01-07,14.02291884
2024-01-08,14.03573358
2024-01-09,14.03252989
2024-01-10,14.01210797
2024-01-11,14.02569971
2024-01-12,14.032496
2024-01-13,14.01968126
2024-01-14,14.01167205
2024-01-15,14.05725547
2024-01-16,14.10764441
2024-01-17,14.16521862
2024-01-18,14.17541309
2024-01-19,14.13803336
2024-01-20,14.1508481
2024-01-21,14.14764441
2024-01-22,14.12722249
2024-01-23,14.14081423
2024-01-24,14.14761052
2024-01-25,14.13479578
2024-01-26,14.12678656
2024-01-27,14.17236998
2024-01-28,14.22275893
2024-01-29,14.28033313
2024-01-30,14.29052761
2024-01-31,14.25314787
2024-02-01,14.26596261
2024-02-02,14.26275893
2024-02-03,14.24233701
2024-02-04,14.25592874
2024-02-05,14.26272503
2024-02-06,14.24991029
2024-02-07,14.24190108
2024-02-08,14.2874845
2024-02-09,14.33787344
2024-02-10,14.39544765
2024-02-11,14.40564212
2024-02-12,14.36826239
2024-02-13,14.38107713
2024-02-14,14.37787344
2024-02-15,14.35745153
2024-02-16,14.37104326
2024-02-17,14.37783955
2024-02-18,14.36502481
2024-02-19,14.3570156
2024-02-20,14.40259902
2024-02-21,14.45298796
2024-02-22,14.51056217
2024-02-23,14.52075664
2024-02-24,14.48337691
2024-02-25,14.49619165
2024-02-26,14.49298796
2024-02-27,14.47256604
2024-02-28,14.48615778
2024-02-29,14.49295407
2024-03-01,14.48013933
2024-03-02,14.47213012
2024-03-03,14.51771353
2024-03-04,14.56810248
2024-03-05,14.62567669
2024-03-06,14.63587116
2024-03-07,14.59849142
2024-03-08,14.61130616
2024-03-09,14.60810248
2024-03-10,14.58768056
2024-03-11,14.60127229
2024-03-12,14.60806858
2024-03-13,14.59525384
2024-03-14,14.58724463
2024-03-15,14.63282805
2024-03-16,14.683217
2024-03-17,14.7407912
2024-03-18,14.75098568
2024-03-19,14.71360594
2024-03-20,14.72642068
2024-03-21,14.723217
2024-03-22,14.70279508
2024-03-23,14.71638681
2024-03-24,14.7231831
2024-03-25,14.71036836
2024-03-26,14.70235915
2024-03-27,14.74794257
2024-03-28,14.79833151
2024-03-29,14.85590572
2024-03-30,14.86610019
2024-03-31,14.82872046
2024-04-01,14.8415352
2024-04-02,14.83833151
2024-04-03,14.81790959
2024-04-04,14.83150133
2024-04-05,14.83829762
2024-04-06,14.82548288
2024-04-07,14.81747367
2024-04-08,14.86305709
2024-04-09,14.91344603
2024-04-10,14.97102024
2024-04-11,14.98121471
2024-04-12,14.94383498
2024-04-13,14.95664972
2024-04-14,14.95344603
2024-04-15,14.93302411
2024-04-16,14.94661585
2024-04-17,14.95341214
2024-04-18,14.9405974
2024-04-19,14.93258818
2024-04-20,14.9781716
2024-04-21,15.02856055
2024-04-22,15.08613475
2024-04-23,15.09632923
2024-04-24,15.05894949
2024-04-25,15.07176423
2024-04-26,15.06856055
2024-04-27,15.04813863
2024-04-28,15.06173036
2024-04-29,15.06852665
2024-04-30,15.05571191
2024-05-01,15.0477027
2024-05-02,15.09328612
2024-05-03,15.14367507
2024-05-04,15.20124927
2024-05-05,15.21144374
2024-05-06,15.17406401
2024-05-07,15.18687875
2024-05-08,15.18367507
2024-05-09,15.16325315
2024-05-10,15.17684488
2024-05-11,15.18364117
2024-05-12,15.17082643
2024-05-13,15.16281722
2024-05-14,15.20840064
2024-05-15,15.25878958
2024-05-16,15.31636379
2024-05-17,15.32655826
2024-05-18,15.28917853
2024-05-19,15.30199327
2024-05-20,15.29878958
2024-05-21,15.27836766
2024-05-22,15.2919594
2024-05-23,15.29875569
2024-05-24,15.28594095
2024-05-25,15.27793174
2024-05-26,15.32351515
2024-05-27,15.3739041
2024-05-28,15.43147831
2024-05-29,15.44167278
2024-05-30,15.40429305
2024-05-31,15.41710778
2024-06-01,15.4139041
2024-06-02,15.39348218
2024-06-03,15.40707391
2024-06-04,15.4138702
2024-06-05,15.40105547
2024-06-06,15.39304625
2024-06-07,15.43862967
2024-06-08,15.48901862
2024-06-09,15.54659282
2024-06-10,15.5567873
2024-06-11,15.51940756
2024-06-12,15.5322223
2024-06-13,15.52901862
2024-06-14,15.5085967
2024-06-15,15.52218843
2024-06-16,15.52898472
2024-06-17,15.51616998
2024-06-18,15.50816077
2024-06-19,15.55374419
2024-06-20,15.60413313
2024-06-21,15.66170734
2024-06-22,15.67190181
2024-06-23,15.63452208
2024-06-24,15.64733682
2024-06-25,15.64413313
2024-06-26,15.62371121
2024-06-27,15.63730295
2024-06-28,15.64409924
2024-06-29,15.6312845
2024-06-30,15.62327529
2024-07-01,15.66885871
2024-07-02,15.71924765
2024-07-03,15.77682186
2024-07-04,15.78701633
2024-07-05,15.7496366
2024-07-06,15.76245134
2024-07-07,15.75924765
2024-07-08,15.73882573
2024-07-09,15.75241747
2024-07-10,15.75921376
2024-07-11,15.74639902
2024-07-12,15.7383898
2024-07-13,15.78397322
2024-07-14,15.83436217
2024-07-15,15.89193637
2024-07-16,15.90213085
2024-07-17,15.86475111
2024-07-18,15.87756585
2024-07-19,15.87436217
2024-07-20,15.85394025
2024-07-21,15.86753198
2024-07-22,15.87432827
2024-07-23,15.86151353
2024-07-24,15.85350432
2024-07-25,15.89908774
2024-07-26,15.94947669
2024-07-27,16.00705089
2024-07-28,16.01724536
2024-07-29,15.97986563
2024-07-30,15.99268037
2024-07-31,15.98947669
2024-08-01,15.96905477
2024-08-02,15.9826465
2024-08-03,15.98944279
2024-08-04,15.97662805
2024-08-05,15.96861884
2024-08-06,16.01420226
2024-08-07,16.0645912
2024-08-08,16.12216541
2024-08-09,16.13235988
2024-08-10,16.09498015
2024-08-11,16.10779489
2024-08-12,16.1045912
2024-08-13,16.08416928
2024-08-14,16.09776102
2024-08-15,16.10455731
2024-08-16,16.09174257
2024-08-17,16.08373336
2024-08-18,16.12931677
2024-08-19,16.17970572
2024-08-20,16.23727993
2024-08-21,16.2474744
2024-08-22,16.21009467
2024-08-23,16.2229094
2024-08-24,16.21970572
2024-08-25,16.1992838
2024-08-26,16.21287553
2024-08-27,16.21967183
2024-08-28,16.20685709
2024-08-29,16.19884787
2024-08-30,16.24443129
2024-08-31,16.29482024
2024-09-01,16.35239444
2024-09-02,16.36258892
2024-09-03,16.32520918
2024-09-04,16.33802392
2024-09-05,16.33482024
2024-09-06,16.31439832
2024-09-07,16.32799005
2024-09-08,16.33478634
2024-09-09,16.3219716
2024-09-10,16.31396239
2024-09-11,16.35954581
2024-09-12,16.40993475
2024-09-13,16.46750896
2024-09-14,16.47770343
2024-09-15,16.4403237
2024-09-16,16.45313844
2024-09-17,16.44993475
2024-09-18,16.42951283
2024-09-19,16.44310457
2024-09-20,16.44990086
2024-09-21,16.43708612
2024-09-22,16.42907691
2024-09-23,16.47466033
2024-09-24,16.52504927
2024-09-25,16.58262348
2024-09-26,16.59281795
2024-09-27,16.55543822
2024-09-28,16.56825296
2024-09-29,16.56504927
2024-09-30,16.54462735
2024-10-01,16.55821909
2024-10-02,16.56501538
2024-10-03,16.55220064
2024-10-04,16.54419142
2024-10-05,16.58977484
2024-10-06,16.64016379
2024-10-07,16.69773799
2024-10-08,16.70793247
2024-10-09,16.67055273
2024-10-10,16.68336747
2024-10-11,16.68016379
2024-10-12,16.65974187
2024-10-13,16.6733336
2024-10-14,16.68012989
2024-10-15,16.66731515
2024-10-16,16.65930594
2024-10-17,16.70488936
2024-10-18,16.75527831
2024-10-19,16.81285251
2024-10-20,16.82304698
2024-10-21,16.78566725
2024-10-22,16.79848199
2024-10-23,16.79527831
2024-10-24,16.77485639
2024-10-25,16.78844812
2024-10-26,16.79524441
2024-10-27,16.78242967
2024-10-28,16.77442046
2024-10-29,16.82000388
2024-10-30,16.87039282
2024-10-31,16.92796703
2024-11-01,16.9381615
2024-11-02,16.90078177
2024-11-03,16.91359651
2024-11-04,16.91039282
2024-11-05,16.8899709
2024-11-06,16.90356264
2024-11-07,16.91035893
2024-11-08,16.89754419
2024-11-09,16.88953498
2024-11-10,16.93511839
2024-11-11,16.98550734
2024-11-12,17.04308155
2024-11-13,17.05327602
2024-11-14,17.01589629
2024-11-15,17.02871103
2024-11-16,17.02550734
2024-11-17,17.00508542
2024-11-18,17.01867715
2024-11-19,17.02547345
2024-11-20,17.01265871
2024-11-21,17.00464949
2024-11-22,17.05023291
2024-11-23,17.10062186
2024-11-24,17.15819606
2024-11-25,17.16839054
2024-11-26,17.1310108
2024-11-27,17.14382554
2024-11-28,17.14062186
2024-11-29,17.12019994
2024-11-30,17.13379167
2024-12-01,17.14058796
2024-12-02,17.12777322
2024-12-03,17.11976401
2024-12-04,17.16534743
2024-12-05,17.21573637
2024-12-06,17.27331058
2024-12-07,17.28350505
2024-12-08,17.24612532
2024-12-09,17.25894006
2024-12-10,17.25573637
2024-12-11,17.23531446
2024-12-12,17.24890619
2024-12-13,17.25570248
2024-12-14,17.24288774
2024-12-15,17.23487853
2024-12-16,17.28046195
2024-12-17,17.33085089
2024-12-18,17.3884251
2024-12-19,17.39861957
2024-12-20,17.36123984
2024-12-21,17.37405458
2024-12-22,17.37085089
2024-12-23,17.35042897
2024-12-24,17.36402071
2024-12-25,17.370817
2024-12-26,17.35800226
2024-12-27,17.34999305
2024-12-28,17.39557646
2024-12-29,17.44596541
2024-12-30,17.50353962
2024-12-31,17.51373409
2025-01-01,17.47635435
2025-01-02,17.48916909
2025-01-03,17.48596541
2025-01-04,17.46554349
2025-01-05,17.47913522
2025-01-06,17.48593151
2025-01-07,17.47311677
2025-01-08,17.46510756
2025-01-09,17.51069098
2025-01-10,17.56107993
2025-01-11,17.61865413
2025-01-12,17.62884861
2025-01-13,17.59146887
2025-01-14,17.60428361
2025-01-15,17.60107993
2025-01-16,17.58065801
2025-01-17,17.59424974
2025-01-18,17.60104603
2025-01-19,17.58823129
2025-01-20,17.58022208
2025-01-21,17.6258055
2025-01-22,17.67619444
2025-01-23,17.73376865
2025-01-24,17.74396312
2025-01-25,17.70658339
2025-01-26,17.71939813
2025-01-27,17.71619444
2025-01-28,17.69577252
2025-01-29,17.70936426
2025-01-30,17.71616055
2025-01-31,17.70334581
2025-02-01,17.6953366
2025-02-02,17.74092002
2025-02-03,17.79130896
2025-02-04,17.84888317
2025-02-05,17.85907764
2025-02-06,17.82169791
2025-02-07,17.83451265
2025-02-08,17.83130896
2025-02-09,17.81088704
2025-02-10,17.82447878
2025-02-11,17.83127507
2025-02-12,17.81846033
2025-02-13,17.81045111
2025-02-14,17.85603453
2025-02-15,17.90642348
2025-02-16,17.96399768
2025-02-17,17.97419216
2025-02-18,17.93681242
2025-02-19,17.94962716
2025-02-20,17.94642348
2025-02-21,17.92600156
2025-02-22,17.93959329
2025-02-23,17.94638958
2025-02-24,17.93357484
2025-02-25,17.92556563
2025-02-26,17.97114905
2025-02-27,18.02153799
2025-02-28,18.0791122
2025-03-01,18.08930667
2025-03-02,18.05192694
2025-03-03,18.06474168
2025-03-04,18.06153799
2025-03-05,18.04111608
2025-03-06,18.05470781
2025-03-07,18.0615041
2025-03-08,18.04868936
2025-03-09,18.04068015
2025-03-10,18.08626357
2025-03-11,18.13665251
2025-03-12,18.19422672
2025-03-13,18.20442119
2025-03-14,18.16704146
2025-03-15,18.1798562
2025-03-16,18.17665251
2025-03-17,18.15623059
2025-03-18,18.16982233
2025-03-19,18.17661862
2025-03-20,18.16380388
2025-03-21,18.15579467
2025-03-22,18.20137808
2025-03-23,18.25176703
2025-03-24,18.30934124
2025-03-25,18.31953571
2025-03-26,18.28215597
2025-03-27,18.29497071
2025-03-28,18.29176703
2025-03-29,18.27134511
2025-03-30,18.28493684
2025-03-31,18.29173313
2025-04-01,18.27891839
2025-04-02,18.27090918
2025-04-03,18.3164926
2025-04-04,18.36688155
2025-04-05,18.42445575
2025-04-06,18.43465023
2025-04-07,18.39727049
2025-04-08,18.41008523
2025-04-09,18.40688155
2025-04-10,18.38645963
2025-04-11,18.40005136
2025-04-12,18.40684765
2025-04-13,18.39403291
2025-04-14,18.3860237
2025-04-15,18.43160712
2025-04-16,18.48199606
2025-04-17,18.53957027
2025-04-18,18.54976474
2025-04-19,18.51238501
2025-04-20,18.52519975
2025-04-21,18.52199606
2025-04-22,18.50157414
2025-04-23,18.51516588
2025-04-24,18.52196217
2025-04-25,18.50914743
2025-04-26,18.50113822
2025-04-27,18.54672164
2025-04-28,18.59711058
2025-04-29,18.65468479
2025-04-30,18.66487926
2025-05-01,18.62749953
2025-05-02,18.64031427
2025-05-03,18.63711058
2025-05-04,18.61668866
2025-05-05,18.6302804
2025-05-06,18.63707669
2025-05-07,18.62426195
2025-05-08,18.61625273
2025-05-09,18.66183615
2025-05-10,18.7122251
2025-05-11,18.7697993
2025-05-12,18.77999378
2025-05-13,18.74261404
2025-05-14,18.75542878
2025-05-15,18.7522251
2025-05-16,18.73180318
2025-05-17,18.74539491
2025-05-18,18.7521912
2025-05-19,18.73937646
2025-05-20,18.73136725
2025-05-21,18.77695067
2025-05-22,18.82733962
2025-05-23,18.88491382
2025-05-24,18.89510829
2025-05-25,18.85772856
2025-05-26,18.8705433
2025-05-27,18.86733962
2025-05-28,18.8469177
2025-05-29,18.86050943
2025-05-30,18.86730572
2025-05-31,18.85449098
2025-06-01,18.84648177
2025-06-02,18.89206519
2025-06-03,18.94245413
2025-06-04,19.00002834
2025-06-05,19.01022281
2025-06-06,18.97284308
2025-06-07,18.98565782
2025-06-08,18.98245413
2025-06-09,18.96203221
2025-06-10,18.97562395
2025-06-11,18.98242024
2025-06-12,18.9696055
2025-06-13,18.96159629
2025-06-14,19.0071797
2025-06-15,19.05756865
2025-06-16,19.11514286
2025-06-17,19.12533733
2025-06-18,19.0879576
2025-06-19,19.10077233
2025-06-20,19.09756865
2025-06-21,19.07714673
2025-06-22,19.09073846
2025-06-23,19.09753475
2025-06-24,19.08472001
2025-06-25,19.0767108
2025-06-26,19.12229422
2025-06-27,19.17268317
2025-06-28,19.23025737
2025-06-29,19.24045185
2025-06-30,19.20307211
2025-07-01,19.21588685
2025-07-02,19.21268317
2025-07-03,19.19226125
2025-07-04,19.20585298
2025-07-05,19.21264927
2025-07-06,19.19983453
2025-07-07,19.19182532
2025-07-08,19.23740874
2025-07-09,19.28779768
2025-07-10,19.34537189
2025-07-11,19.35556636
2025-07-12,19.31818663
2025-07-13,19.33100137
2025-07-14,19.32779768
2025-07-15,19.30737576
2025-07-16,19.3209675
2025-07-17,19.32776379
2025-07-18,19.31494905
2025-07-19,19.30693984
2025-07-20,19.35252326
2025-07-21,19.4029122
2025-07-22,19.46048641
2025-07-23,19.47068088
2025-07-24,19.43330115
2025-07-25,19.44611589
2025-07-26,19.4429122
2025-07-27,19.42249028
2025-07-28,19.43608202
2025-07-29,19.44287831
2025-07-30,19.43006357
2025-07-31,19.42205435
2025-08-01,19.46763777
2025-08-02,19.51802672
2025-08-03,19.57560092
2025-08-04,19.5857954
2025-08-05,19.54841566
2025-08-06,19.5612304
2025-08-07,19.55802672
2025-08-08,19.5376048
2025-08-09,19.55119653
2025-08-10,19.55799282
2025-08-11,19.54517808
2025-08-12,19.53716887
2025-08-13,19.58275229
2025-08-14,19.63314124
2025-08-15,19.69071544
2025-08-16,19.70090991
2025-08-17,19.66353018
2025-08-18,19.67634492
2025-08-19,19.67314124
2025-08-20,19.65271932
2025-08-21,19.66631105
2025-08-22,19.67310734
2025-08-23,19.6602926
2025-08-24,19.65228339
2025-08-25,19.69786681
2025-08-26,19.74825575
2025-08-27,19.80582996
2025-08-28,19.81602443
2025-08-29,19.7786447
2025-08-30,19.79145944
2025-08-31,19.78825575
2025-09-01,19.76783383
2025-09-02,19.78142557
2025-09-03,19.78822186
2025-09-04,19.77540712
2025-09-05,19.76739791
2025-09-06,19.81298132
2025-09-07,19.86337027
2025-09-08,19.92094448
2025-09-09,19.93113895
2025-09-10,19.89375922
2025-09-11,19.90657395
2025-09-12,19.90337027
2025-09-13,19.88294835
2025-09-14,19.89654008
2025-09-15,19.90333638
2025-09-16,19.89052164
2025-09-17,19.88251242
2025-09-18,19.92809584
2025-09-19,19.97848479
2025-09-20,20.03605899
2025-09-21,20.04625347
2025-09-22,20.00887373
2025-09-23,20.02168847
2025-09-24,20.01848479
2025-09-25,19.99806287
2025-09-26,20.0116546
2025-09-27,20.01845089
2025-09-28,20.00563615
2025-09-29,19.99762694
2025-09-30,20.04321036
2025-10-01,20.0935993
2025-10-02,20.15117351
2025-10-03,20.16136798
2025-10-04,20.12398825
2025-10-05,20.13680299
2025-10-06,20.1335993
2025-10-07,20.11317738
2025-10-08,20.12676912
2025-10-09,20.13356541
2025-10-10,20.12075067
2025-10-11,20.11274146
2025-10-12,20.15832488
2025-10-13,20.20871382
2025-10-14,20.26628803
2025-10-15,20.2764825
2025-10-16,20.23910277
2025-10-17,20.25191751
2025-10-18,20.24871382
2025-10-19,20.2282919
2025-10-20,20.24188364
2025-10-21,20.24867993
2025-10-22,20.23586519
2025-10-23,20.22785597
2025-10-24,20.27343939
2025-10-25,20.32382834
2025-10-26,20.38140254
2025-10-27,20.39159702
2025-10-28,20.35421728
2025-10-29,20.36703202
2025-10-30,20.36382834
2025-10-31,20.34340642
2025-11-01,20.35699815
2025-11-02,20.36379444
2025-11-03,20.3509797
2025-11-04,20.34297049
2025-11-05,20.38855391
2025-11-06,20.43894286
2025-11-07,20.49651706
2025-11-08,20.50671153
2025-11-09,20.4693318
2025-11-10,20.48214654
2025-11-11,20.47894286
2025-11-12,20.45852094
2025-11-13,20.47211267
2025-11-14,20.47890896
2025-11-15,20.46609422
2025-11-16,20.45808501
2025-11-17,20.50366843
2025-11-18,20.55405737
2025-11-19,20.61163158
2025-11-20,20.62182605
2025-11-21,20.58444632
2025-11-22,20.59726106
2025-11-23,20.59405737
2025-11-24,20.57363545
2025-11-25,20.58722719
2025-11-26,20.59402348
2025-11-27,20.58120874
2025-11-28,20.57319953
2025-11-29,20.61878294
2025-11-30,20.66917189
2025-12-01,20.7267461
2025-12-02,20.73694057
2025-12-03,20.69956084
2025-12-04,20.71237558
2025-12-05,20.70917189
2025-12-06,20.68874997
2025-12-07,20.7023417
2025-12-08,20.709138
2025-12-09,20.69632326
2025-12-10,20.68831404
2025-12-11,20.73389746
2025-12-12,20.78428641
2025-12-13,20.84186061
2025-12-14,20.85205509
2025-12-15,20.81467535
2025-12-16,20.82749009
2025-12-17,20.82428641
2025-12-18,20.80386449
2025-12-19,20.81745622
2025-12-20,20.82425251
2025-12-21,20.81143777
2025-12-22,20.80342856
2025-12-23,20.84901198
2025-12-24,20.89940092
2025-12-25,20.95697513
2025-12-26,20.9671696
2025-12-27,20.92978987
2025-12-28,20.94260461
2025-12-29,20.93940092
2025-12-30,20.91897901
2025-12-31,20.93257074
2026-01-01,20.93936703
2026-01-02,20.92655229
2026-01-03,20.91854308
2026-01-04,20.9641265
2026-01-05,21.01451544
2026-01-06,21.07208965
2026-01-07,21.08228412
2026-01-08,21.04490439
2026-01-09,21.05771913
2026-01-10,21.05451544
2026-01-11,21.03409352
2026-01-12,21.04768526
2026-01-13,21.05448155
2026-01-14,21.04166681
2026-01-15,21.0336576
2026-01-16,21.07924101
2026-01-17,21.12962996
2026-01-18,21.18720417
2026-01-19,21.19739864
2026-01-20,21.1600189
2026-01-21,21.17283364
2026-01-22,21.16962996
2026-01-23,21.14920804
2026-01-24,21.16279977
2026-01-25,21.16959606
2026-01-26,21.15678132
2026-01-27,21.14877211
2026-01-28,21.19435553
2026-01-29,21.24474448
2026-01-30,21.30231868
2026-01-31,21.31251316
2026-02-01,21.27513342
2026-02-02,21.28794816
2026-02-03,21.28474448
2026-02-04,21.26432256
2026-02-05,21.27791429
2026-02-06,21.28471058
2026-02-07,21.27189584
2026-02-08,21.26388663
2026-02-09,21.30947005
2026-02-10,21.35985899
2026-02-11,21.4174332
2026-02-12,21.42762767
2026-02-13,21.39024794
2026-02-14,21.40306268
2026-02-15,21.39985899
2026-02-16,21.37943707
2026-02-17,21.39302881
2026-02-18,21.3998251
2026-02-19,21.38701036
2026-02-20,21.37900115
2026-02-21,21.42458456
2026-02-22,21.47497351
2026-02-23,21.53254772
2026-02-24,21.54274219
2026-02-25,21.50536246
2026-02-26,21.5181772
2026-02-27,21.51497351
2026-02-28,21.49455159
2026-03-01,21.50814333
2026-03-02,21.51493962
2026-03-03,21.50212488
2026-03-04,21.49411566
2026-03-05,21.53969908
2026-03-06,21.59008803
2026-03-07,21.64766223
2026-03-08,21.65785671
2026-03-09,21.62047697
2026-03-10,21.63329171
2026-03-11,21.63008803
2026-03-12,21.60966611
2026-03-13,21.62325784
2026-03-14,21.63005413
2026-03-15,21.61723939
2026-03-16,21.60923018
2026-03-17,21.6548136
2026-03-18,21.70520254
2026-03-19,21.76277675
2026-03-20,21.77297122
2026-03-21,21.73559149
2026-03-22,21.74840623
2026-03-23,21.74520254
2026-03-24,21.72478063
2026-03-25,21.73837236
2026-03-26,21.74516865
2026-03-27,21.73235391
2026-03-28,21.7243447
2026-03-29,21.76992812
2026-03-30,21.82031706
2026-03-31,21.87789127
2026-04-01,21.88808574
2026-04-02,21.85070601
2026-04-03,21.86352075
2026-04-04,21.86031706
2026-04-05,21.83989514
2026-04-06,21.85348688
2026-04-07,21.86028317
2026-04-08,21.84746843
2026-04-09,21.83945922
2026-04-10,21.88504263
2026-04-11,21.93543158
2026-04-12,21.99300579
2026-04-13,22.00320026
2026-04-14,21.96582052
2026-04-15,21.97863526
2026-04-16,21.97543158
2026-04-17,21.95500966
2026-04-18,21.96860139
2026-04-19,21.97539768
2026-04-20,21.96258294
2026-04-21,21.95457373
2026-04-22,22.00015715
2026-04-23,22.0505461
2026-04-24,22.1081203
2026-04-25,22.11831478
2026-04-26,22.08093504
2026-04-27,22.09374978
2026-04-28,22.0905461
2026-04-29,22.07012418
2026-04-30,22.08371591
2026-05-01,22.0905122
2026-05-02,22.07769746
2026-05-03,22.06968825
2026-05-04,22.11527167
2026-05-05,22.16566061
2026-05-06,22.22323482
2026-05-07,22.23342929
2026-05-08,22.19604956
2026-05-09,22.2088643
2026-05-10,22.20566061
2026-05-11,22.18523869
2026-05-12,22.19883043
2026-05-13,22.20562672
2026-05-14,22.19281198
2026-05-15,22.18480277
2026-05-16,22.23038619
2026-05-17,22.28077513
2026-05-18,22.33834934
2026-05-19,22.34854381
2026-05-20,22.31116408
2026-05-21,22.32397882
2026-05-22,22.32077513
2026-05-23,22.30035321
2026-05-24,22.31394495
2026-05-25,22.32074124
2026-05-26,22.3079265
2026-05-27,22.29991728
2026-05-28,22.3455007
2026-05-29,22.39588965
2026-05-30,22.45346385
2026-05-31,22.46365833
2026-06-01,22.42627859
2026-06-02,22.43909333
2026-06-03,22.43588965
2026-06-04,22.41546773
2026-06-05,22.42905946
2026-06-06,22.43585575
2026-06-07,22.42304101
2026-06-08,22.4150318
2026-06-09,22.46061522
2026-06-10,22.51100417
2026-06-11,22.56857837
2026-06-12,22.57877284
2026-06-13,22.54139311
2026-06-14,22.55420785
2026-06-15,22.55100417
2026-06-16,22.53058225
2026-06-17,22.54417398
2026-06-18,22.55097027
2026-06-19,22.53815553
2026-06-20,22.53014632
2026-06-21,22.57572974
2026-06-22,22.62611868
2026-06-23,22.68369289
2026-06-24,22.69388736
2026-06-25,22.65650763
2026-06-26,22.66932237
2026-06-27,22.66611868
2026-06-28,22.64569676
2026-06-29,22.6592885
2026-06-30,22.66608479
2026-07-01,22.65327005
2026-07-02,22.64526084
2026-07-03,22.69084425
2026-07-04,22.7412332
2026-07-05,22.79880741
2026-07-06,22.80900188
2026-07-07,22.77162215
2026-07-08,22.78443688
2026-07-09,22.7812332
2026-07-10,22.76081128
2026-07-11,22.77440301
2026-07-12,22.7811993
2026-07-13,22.76838456
2026-07-14,22.76037535
2026-07-15,22.80595877
2026-07-16,22.85634772
2026-07-17,22.91392192
2026-07-18,22.9241164
2026-07-19,22.88673666
2026-07-20,22.8995514
2026-07-21,22.89634772
2026-07-22,22.8759258
2026-07-23,22.88951753
2026-07-24,22.89631382
2026-07-25,22.88349908
2026-07-26,22.87548987
2026-07-27,22.92107329
2026-07-28,22.97146223
2026-07-29,23.02903644
2026-07-30,23.03923091
2026-07-31,23.00185118
2026-08-01,23.01466592
2026-08-02,23.01146223
2026-08-03,22.99104031
2026-08-04,23.00463205
2026-08-05,23.01142834
2026-08-06,22.9986136
2026-08-07,22.99060439
2026-08-08,23.03618781
2026-08-09,23.08657675
2026-08-10,23.14415096
2026-08-11,23.15434543
2026-08-12,23.1169657
2026-08-13,23.12978044
2026-08-14,23.12657675
2026-08-15,23.10615483
2026-08-16,23.11974657
2026-08-17,23.12654286
2026-08-18,23.11372812
2026-08-19,23.1057189
2026-08-20,23.15130232
2026-08-21,23.20169127
2026-08-22,23.25926547
2026-08-23,23.26945995
2026-08-24,23.23208021
2026-08-25,23.24489495
2026-08-26,23.24169127
2026-08-27,23.22126935
2026-08-28,23.23486108
2026-08-29,23.24165737
2026-08-30,23.22884263
2026-08-31,23.22083342
2026-09-01,23.26641684
2026-09-02,23.31680579
2026-09-03,23.37437999
2026-09-04,23.38457446
2026-09-05,23.34719473
2026-09-06,23.36000947
2026-09-07,23.35680579
2026-09-08,23.33638387
2026-09-09,23.3499756
2026-09-10,23.35677189
2026-09-11,23.34395715
2026-09-12,23.33594794
2026-09-13,23.38153136
2026-09-14,23.4319203
2026-09-15,23.48949451
2026-09-16,23.49968898
2026-09-17,23.46230925
2026-09-18,23.47512399
2026-09-19,23.4719203
2026-09-20,23.45149838
2026-09-21,23.46509012
2026-09-22,23.47188641
2026-09-23,23.45907167
2026-09-24,23.45106246
2026-09-25,23.49664587
2026-09-26,23.54703482
2026-09-27,23.60460903
2026-09-28,23.6148035
2026-09-29,23.57742377
2026-09-30,23.5902385
2026-10-01,23.58703482
2026-10-02,23.5666129
2026-10-03,23.58020463
2026-10-04,23.58700093
2026-10-05,23.57418619
2026-10-06,23.56617697
2026-10-07,23.61176039
2026-10-08,23.66214934
2026-10-09,23.71972354
2026-10-10,23.72991802
2026-10-11,23.69253828
2026-10-12,23.70535302
2026-10-13,23.70214934
2026-10-14,23.68172742
2026-10-15,23.69531915
2026-10-16,23.70211544
2026-10-17,23.6893007
2026-10-18,23.68129149
2026-10-19,23.72687491
2026-10-20,23.77726385
2026-10-21,23.83483806
2026-10-22,23.84503253
2026-10-23,23.8076528
2026-10-24,23.82046754
2026-10-25,23.81726385
2026-10-26,23.79684193
2026-10-27,23.81043367
2026-10-28,23.81722996
2026-10-29,23.80441522
2026-10-30,23.79640601
2026-10-31,23.84198943
2026-11-01,23.89237837
2026-11-02,23.94995258
2026-11-03,23.96014705
2026-11-04,23.92276732
2026-11-05,23.93558206
2026-11-06,23.93237837
2026-11-07,23.91195645
2026-11-08,23.92554819
2026-11-09,23.93234448
2026-11-10,23.91952974
2026-11-11,23.91152052
2026-11-12,23.95710394
2026-11-13,24.00749289
2026-11-14,24.06506709
2026-11-15,24.07526157
2026-11-16,24.03788183
2026-11-17,24.05069657
2026-11-18,24.04749289
2026-11-19,24.02707097
2026-11-20,24.0406627
2026-11-21,24.04745899
2026-11-22,24.03464425
2026-11-23,24.02663504
2026-11-24,24.07221846
2026-11-25,24.12260741
2026-11-26,24.18018161
2026-11-27,24.19037608
2026-11-28,24.15299635
2026-11-29,24.16581109
2026-11-30,24.16260741
2026-12-01,24.14218549
2026-12-02,24.15577722
2026-12-03,24.16257351
2026-12-04,24.14975877
2026-12-05,24.14174956
2026-12-06,24.18733298
2026-12-07,24.23772192
2026-12-08,24.29529613
2026-12-09,24.3054906
2026-12-10,24.26811087
2026-12-11,24.28092561
2026-12-12,24.27772192
2026-12-13,24.2573
2026-12-14,24.27089174
2026-12-15,24.27768803
2026-12-16,24.26487329
2026-12-17,24.25686408
2026-12-18,24.30244749
2026-12-19,24.35283644
2026-12-20,24.41041065
2026-12-21,24.42060512
2026-12-22,24.38322539
2026-12-23,24.39604012
2026-12-24,24.39283644
2026-12-25,24.37241452
2026-12-26,24.38600625
2026-12-27,24.39280255
2026-12-28,24.37998781
2026-12-29,24.37197859
2026-12-30,24.41756201
